{"Affiliate Agreement": 18.214285714285715, "Affiliate_Agreements": 2.0238095238095237, "Agency Agreements": 1.401098901098901, "Co_Branding": 0.827922077922078, "Collaboration": 0.7005494505494505, "Consulting Agreements": 1.655844155844156, "Development": 0.6280788177339901, "Distributor": 0.5691964285714286, "Endorsement": 1.2142857142857142, "Endorsement Agreement": 2.0238095238095237, "Franchise": 1.2142857142857142, "Hosting": 0.9107142857142857, "IP": 1.0714285714285714, "Joint Venture": 2.0238095238095237, "Joint Venture _ Filing": 1.3010204081632653, "License_Agreements": 0.551948051948052, "Maintenance": 0.5357142857142857, "Manufacturing": 1.0714285714285714, "Marketing": 1.0714285714285714, "Non_Compete_Non_Solicit": 6.071428571428571, "Outsourcing": 1.0119047619047619, "Promotion": 1.5178571428571428, "Reseller": 1.5178571428571428, "Service": 0.6505102040816326, "Sponsorship": 0.5875576036866359, "Strategic Alliance": 0.5691964285714286, "Supply": 1.0119047619047619, "Transportation": 1.401098901098901}